<?xml version="1.0" encoding="UTF-8"?>
<definitions xmlns="http://www.omg.org/spec/BPMN/20100524/MODEL" xmlns:xsi="http://www.w3.org/2001/XMLSchema-instance" xmlns:xsd="http://www.w3.org/2001/XMLSchema" xmlns:flowable="http://flowable.org/bpmn" xmlns:bpmndi="http://www.omg.org/spec/BPMN/20100524/DI" xmlns:omgdc="http://www.omg.org/spec/DD/20100524/DC" xmlns:omgdi="http://www.omg.org/spec/DD/20100524/DI" typeLanguage="http://www.w3.org/2001/XMLSchema" expressionLanguage="http://www.w3.org/1999/XPath" targetNamespace="http://www.flowable.org/processdef">
  <process id="AdjustApplication" name="调账申请Demo" isExecutable="true">
    <documentation>调账申请Demo</documentation>
    <dataObject id="DataObject1" name="数据对象1" itemSubjectRef="xsd:string">
      <extensionElements>
        <flowable:value>数据对象字符串</flowable:value>
      </extensionElements>
    </dataObject>
    <dataObject id="DataObject2" name="数据对象2" itemSubjectRef="xsd:boolean">
      <extensionElements>
        <flowable:value>true</flowable:value>
      </extensionElements>
    </dataObject>
    <dataObject id="DataObject3" name="数据对象3" itemSubjectRef="xsd:datetime">
      <extensionElements>
        <flowable:value>2020-04-30T12:00:00</flowable:value>
      </extensionElements>
    </dataObject>
    <dataObject id="DataObject4" name="数据对象4" itemSubjectRef="xsd:double">
      <extensionElements>
        <flowable:value>1.1</flowable:value>
      </extensionElements>
    </dataObject>
    <dataObject id="DataObject5" name="数据对象5" itemSubjectRef="xsd:int">
      <extensionElements>
        <flowable:value>1</flowable:value>
      </extensionElements>
    </dataObject>
    <dataObject id="DataObject6" name="数据对象6" itemSubjectRef="xsd:long">
      <extensionElements>
        <flowable:value>123123</flowable:value>
      </extensionElements>
    </dataObject>
    <startEvent id="Start" name="开始" flowable:formFieldValidation="true"></startEvent>
    <endEvent id="End" name="结束"></endEvent>
    <userTask id="LeaderApprove" name="经理审批" flowable:assignee="${Leader}" flowable:formFieldValidation="true" xmlns:custom="http://www.samsundot.com/" custom:EnterSendCreatorMailTemplate="1" custom:EnterSendApproverMailTemplate="2" custom:ApproveSendCreatorMailTemplate="3" custom:ApproveSendApproverMailTemplate="4" custom:CancelSendCreatorMailTemplate="5" custom:CancelSendApproverMailTemplate="6" custom:AbortSendCreatorMailTemplate="7" custom:AbortSendApproverMailTemplate="8" custom:MailServiceAddress="http://www.baidu.com/" custom:CallbackServiceAddress="http://www.baidu.com/" custom:UrgeDoSendApproverMailTemplate="9">
      <extensionElements>
        <modeler:initiator-can-complete xmlns:modeler="http://flowable.org/modeler"><![CDATA[false]]></modeler:initiator-can-complete>
      </extensionElements>
      <multiInstanceLoopCharacteristics isSequential="true" flowable:collection="LeaderList" flowable:elementVariable="Leader"></multiInstanceLoopCharacteristics>
    </userTask>
    <userTask id="PMApprove" name="PM审批" flowable:assignee="${PM}" flowable:formFieldValidation="true" xmlns:custom="http://www.samsundot.com/" custom:EnterSendCreatorMailTemplate="1" custom:EnterSendApproverMailTemplate="2" custom:ApproveSendCreatorMailTemplate="3" custom:ApproveSendApproverMailTemplate="4" custom:CancelSendCreatorMailTemplate="5" custom:CancelSendApproverMailTemplate="6" custom:AbortSendCreatorMailTemplate="7" custom:AbortSendApproverMailTemplate="8" custom:MailServiceAddress="http://www.baidu.com/" custom:CallbackServiceAddress="http://www.baidu.com/" custom:UrgeDoSendApproverMailTemplate="9">
      <extensionElements>
        <modeler:initiator-can-complete xmlns:modeler="http://flowable.org/modeler"><![CDATA[false]]></modeler:initiator-can-complete>
      </extensionElements>
      <multiInstanceLoopCharacteristics isSequential="false" flowable:collection="PMList" flowable:elementVariable="PM"></multiInstanceLoopCharacteristics>
    </userTask>
    <userTask id="FunctionApprove" name="职能审批" flowable:assignee="${Function}" flowable:formFieldValidation="true" xmlns:custom="http://www.samsundot.com/" custom:EnterSendCreatorMailTemplate="1" custom:EnterSendApproverMailTemplate="2" custom:ApproveSendCreatorMailTemplate="3" custom:ApproveSendApproverMailTemplate="4" custom:CancelSendCreatorMailTemplate="5" custom:CancelSendApproverMailTemplate="6" custom:AbortSendCreatorMailTemplate="7" custom:AbortSendApproverMailTemplate="8" custom:MailServiceAddress="http://www.baidu.com/" custom:CallbackServiceAddress="http://www.baidu.com/" custom:UrgeDoSendApproverMailTemplate="9">
      <extensionElements>
        <modeler:initiator-can-complete xmlns:modeler="http://flowable.org/modeler"><![CDATA[false]]></modeler:initiator-can-complete>
      </extensionElements>
      <multiInstanceLoopCharacteristics isSequential="false" flowable:collection="FunctionList" flowable:elementVariable="Function">
        <completionCondition>${_IsApproved}</completionCondition>
      </multiInstanceLoopCharacteristics>
    </userTask>
    <sequenceFlow id="sid-CCB6D57C-B506-4983-82E5-C1670298CF15" sourceRef="LeaderApprove" targetRef="PMApprove"></sequenceFlow>
    <sequenceFlow id="sid-BE78EE4C-3683-4DFC-8405-1C8DBF2CE636" sourceRef="PMApprove" targetRef="FunctionApprove"></sequenceFlow>
    <sequenceFlow id="sid-AB23A1D9-03EA-47B8-B579-D9606956B9DB" sourceRef="Start" targetRef="LeaderApprove"></sequenceFlow>
    <userTask id="NoEnd" name="没结束" flowable:assignee="${Function}" flowable:formFieldValidation="true" xmlns:custom="http://www.samsundot.com/" custom:EnterSendCreatorMailTemplate="1" custom:EnterSendApproverMailTemplate="2" custom:ApproveSendCreatorMailTemplate="3" custom:ApproveSendApproverMailTemplate="4" custom:CancelSendCreatorMailTemplate="5" custom:CancelSendApproverMailTemplate="6" custom:AbortSendCreatorMailTemplate="7" custom:AbortSendApproverMailTemplate="8" custom:MailServiceAddress="http://www.baidu.com/" custom:CallbackServiceAddress="http://www.baidu.com/" custom:UrgeDoSendApproverMailTemplate="9">
      <extensionElements>
        <modeler:initiator-can-complete xmlns:modeler="http://flowable.org/modeler"><![CDATA[false]]></modeler:initiator-can-complete>
      </extensionElements>
      <multiInstanceLoopCharacteristics isSequential="false" flowable:collection="FunctionList" flowable:elementVariable="Function">
        <completionCondition>${_IsApproved}</completionCondition>
      </multiInstanceLoopCharacteristics>
    </userTask>
    <sequenceFlow id="sid-8A8D8D70-B09C-400E-A3AE-FB60C10AD73F" sourceRef="NoEnd" targetRef="End"></sequenceFlow>
    <sequenceFlow id="sid-03CB29A7-0CBB-4FAB-ABA5-8569A5B0D4F5" sourceRef="FunctionApprove" targetRef="End">
      <conditionExpression xsi:type="tFormalExpression"><![CDATA[${IsEnd}]]></conditionExpression>
    </sequenceFlow>
    <sequenceFlow id="sid-EDCA054F-7BAE-4C42-9370-E083B3B9C469" sourceRef="FunctionApprove" targetRef="NoEnd">
      <conditionExpression xsi:type="tFormalExpression"><![CDATA[${!IsEnd}]]></conditionExpression>
    </sequenceFlow>
  </process>
  <bpmndi:BPMNDiagram id="BPMNDiagram_AdjustApplication">
    <bpmndi:BPMNPlane bpmnElement="AdjustApplication" id="BPMNPlane_AdjustApplication">
      <bpmndi:BPMNShape bpmnElement="Start" id="BPMNShape_Start">
        <omgdc:Bounds height="30.0" width="30.0" x="170.0" y="15.0"></omgdc:Bounds>
      </bpmndi:BPMNShape>
      <bpmndi:BPMNShape bpmnElement="End" id="BPMNShape_End">
        <omgdc:Bounds height="28.0" width="28.0" x="487.5" y="16.0"></omgdc:Bounds>
      </bpmndi:BPMNShape>
      <bpmndi:BPMNShape bpmnElement="LeaderApprove" id="BPMNShape_LeaderApprove">
        <omgdc:Bounds height="80.0" width="100.0" x="135.0" y="132.5"></omgdc:Bounds>
      </bpmndi:BPMNShape>
      <bpmndi:BPMNShape bpmnElement="PMApprove" id="BPMNShape_PMApprove">
        <omgdc:Bounds height="80.0" width="100.0" x="300.0" y="132.5"></omgdc:Bounds>
      </bpmndi:BPMNShape>
      <bpmndi:BPMNShape bpmnElement="FunctionApprove" id="BPMNShape_FunctionApprove">
        <omgdc:Bounds height="75.0" width="103.0" x="450.0" y="135.0"></omgdc:Bounds>
      </bpmndi:BPMNShape>
      <bpmndi:BPMNShape bpmnElement="NoEnd" id="BPMNShape_NoEnd">
        <omgdc:Bounds height="80.0" width="100.0" x="675.0" y="132.5"></omgdc:Bounds>
      </bpmndi:BPMNShape>
      <bpmndi:BPMNEdge bpmnElement="sid-AB23A1D9-03EA-47B8-B579-D9606956B9DB" id="BPMNEdge_sid-AB23A1D9-03EA-47B8-B579-D9606956B9DB">
        <omgdi:waypoint x="185.0" y="44.94999910006839"></omgdi:waypoint>
        <omgdi:waypoint x="185.0" y="132.5"></omgdi:waypoint>
      </bpmndi:BPMNEdge>
      <bpmndi:BPMNEdge bpmnElement="sid-EDCA054F-7BAE-4C42-9370-E083B3B9C469" id="BPMNEdge_sid-EDCA054F-7BAE-4C42-9370-E083B3B9C469">
        <omgdi:waypoint x="552.95" y="172.5"></omgdi:waypoint>
        <omgdi:waypoint x="675.0" y="172.5"></omgdi:waypoint>
      </bpmndi:BPMNEdge>
      <bpmndi:BPMNEdge bpmnElement="sid-BE78EE4C-3683-4DFC-8405-1C8DBF2CE636" id="BPMNEdge_sid-BE78EE4C-3683-4DFC-8405-1C8DBF2CE636">
        <omgdi:waypoint x="399.95000000000005" y="172.5"></omgdi:waypoint>
        <omgdi:waypoint x="450.0" y="172.5"></omgdi:waypoint>
      </bpmndi:BPMNEdge>
      <bpmndi:BPMNEdge bpmnElement="sid-03CB29A7-0CBB-4FAB-ABA5-8569A5B0D4F5" id="BPMNEdge_sid-03CB29A7-0CBB-4FAB-ABA5-8569A5B0D4F5">
        <omgdi:waypoint x="501.5" y="135.0"></omgdi:waypoint>
        <omgdi:waypoint x="501.5" y="43.94992857598069"></omgdi:waypoint>
      </bpmndi:BPMNEdge>
      <bpmndi:BPMNEdge bpmnElement="sid-CCB6D57C-B506-4983-82E5-C1670298CF15" id="BPMNEdge_sid-CCB6D57C-B506-4983-82E5-C1670298CF15">
        <omgdi:waypoint x="234.94999999998356" y="172.5"></omgdi:waypoint>
        <omgdi:waypoint x="300.0" y="172.5"></omgdi:waypoint>
      </bpmndi:BPMNEdge>
      <bpmndi:BPMNEdge bpmnElement="sid-8A8D8D70-B09C-400E-A3AE-FB60C10AD73F" id="BPMNEdge_sid-8A8D8D70-B09C-400E-A3AE-FB60C10AD73F">
        <omgdi:waypoint x="675.0" y="140.6208053691275"></omgdi:waypoint>
        <omgdi:waypoint x="513.2562392254582" y="37.50056311770005"></omgdi:waypoint>
      </bpmndi:BPMNEdge>
    </bpmndi:BPMNPlane>
  </bpmndi:BPMNDiagram>
</definitions>