<?xml version="1.0" encoding="UTF-8"?>
<configuration debug="false" scan="true" scanPeriod="10 seconds">

    <property name="log.path" value="logs" />


    <!-- 日志写入控制台 -->
    <appender name="consoleLog" class="ch.qos.logback.core.ConsoleAppender">
        <layout class="ch.qos.logback.classic.PatternLayout">
            <pattern>
                %d - %msg%n
            </pattern>
        </layout>
    </appender>

    <appender name="flowablealllog"
              class="ch.qos.logback.core.rolling.RollingFileAppender">

        <file>${log.path}/flowable-all.log</file>
        <rollingPolicy class="ch.qos.logback.core.rolling.TimeBasedRollingPolicy">
            <fileNamePattern>${log.path}/flowable-all-%d{yyyy-MM-dd}-%i.log
            </fileNamePattern>
            <timeBasedFileNamingAndTriggeringPolicy class="ch.qos.logback.core.rolling.SizeAndTimeBasedFNATP"> 
                <maxFileSize>100MB</maxFileSize> 
            </timeBasedFileNamingAndTriggeringPolicy> 
        </rollingPolicy>
        <encoder><!-- 必须指定，否则不会往文件输出内容 -->
            <pattern>%d{HH:mm:ss.SSS} [%thread] %-5level %logger{5} - %msg%n
            </pattern>
        </encoder>
        <append>true</append>
        <prudent>false</prudent>
        <filter class="ch.qos.logback.classic.filter.LevelFilter">
            <level>DEBUG</level>
            <!-- <onMatch>ACCEPT</onMatch>
            <onMismatch>DENY</onMismatch> -->
        </filter>
    </appender>

    <appender name="flowableinfolog"
              class="ch.qos.logback.core.rolling.RollingFileAppender">

        <file>${log.path}/flowable-info.log</file>
        <rollingPolicy class="ch.qos.logback.core.rolling.TimeBasedRollingPolicy">
            <fileNamePattern>${log.path}/flowable-info-%d{yyyy-MM-dd}-%i.log
            </fileNamePattern>
            <timeBasedFileNamingAndTriggeringPolicy class="ch.qos.logback.core.rolling.SizeAndTimeBasedFNATP"> 
                <maxFileSize>100MB</maxFileSize> 
            </timeBasedFileNamingAndTriggeringPolicy> 
        </rollingPolicy>
        <encoder><!-- 必须指定，否则不会往文件输出内容 -->
            <pattern>%d{HH:mm:ss.SSS} [%thread] %-5level %logger{5} - %msg%n
            </pattern>
        </encoder>
        <append>true</append>
        <prudent>false</prudent>
        <filter class="ch.qos.logback.classic.filter.LevelFilter">
            <level>INFO</level>
            <onMatch>ACCEPT</onMatch>
            <onMismatch>DENY</onMismatch>
        </filter>
    </appender>

    <appender name="flowableerrorlog"
              class="ch.qos.logback.core.rolling.RollingFileAppender">

        <file>${log.path}/flowable-error.log</file>
        <rollingPolicy class="ch.qos.logback.core.rolling.TimeBasedRollingPolicy">
            <fileNamePattern>${log.path}/flowable-error-%d{yyyy-MM-dd}-%i.log
            </fileNamePattern>
            <timeBasedFileNamingAndTriggeringPolicy class="ch.qos.logback.core.rolling.SizeAndTimeBasedFNATP"> 
                <maxFileSize>100MB</maxFileSize> 
            </timeBasedFileNamingAndTriggeringPolicy> 
        </rollingPolicy>
        <encoder><!-- 必须指定，否则不会往文件输出内容 -->
            <pattern>%d{HH:mm:ss.SSS} [%thread] %-5level %logger{5} - %msg%n
            </pattern>
        </encoder>
        <append>true</append>
        <prudent>false</prudent>
        <filter class="ch.qos.logback.classic.filter.LevelFilter">
            <level>ERROR</level>
            <onMatch>ACCEPT</onMatch>
            <onMismatch>DENY</onMismatch>
        </filter>
    </appender>

    <root level="INFO">
        <appender-ref ref="consoleLog" />
        <appender-ref ref="flowablealllog" />
        <appender-ref ref="flowableinfolog" />
        <appender-ref ref="flowableerrorlog" />
    </root>
</configuration> 